<?xml version="1.0" encoding="UTF-8"?>
<!DOCTYPE configuration PUBLIC "-//mybatis.org//DTD Config 3.0//EN" "http://mybatis.org/dtd/mybatis-3-config.dtd">
<configuration>

	<!-- DB접속정보 값을 가지고 있는 파일 설정 -->
	<properties resource="db.properties" />

	<!-- Java Class에 대한 alias 지정 --> 
	<typeAliases>

		 <typeAlias type="com.scit.project.vo.Manager" alias="Manager" /> 
		 <typeAlias type="com.scit.project.vo.Patient" alias="Patient" /> 
		<typeAlias type="com.scit.project.vo.Room" alias="Room" /> 
		<typeAlias type="com.scit.project.vo.Admission" alias="Admission" />
		<typeAlias type="com.scit.project.vo.Heart" alias="Heart" /> 
		<typeAlias type="com.scit.project.vo.Disease" alias="Disease" />
		<typeAlias type="com.scit.project.vo.Ringer" alias="Ringer" />
		<typeAlias type="com.scit.project.vo.AdmissionCount" alias="AdmissionCount"/>
	</typeAliases>
	

	<!-- Mapper 파일 include -->
	<mappers>
	<mapper resource="mapper/admissionMapper.xml" />
 	<mapper resource="mapper/managerMapper.xml" />
<mapper resource="mapper/patientMapper.xml" />
<mapper resource="mapper/roomMapper.xml" />
<mapper resource="mapper/admissionMapper.xml" />
<mapper resource="mapper/diseaseMapper.xml" />
<mapper resource="mapper/heartMapper.xml" />
<mapper resource="mapper/ringerMapper.xml" />
	</mappers>

</configuration>
