<?xml version="1.0" encoding="UTF-8" ?>
<!DOCTYPE mapper
  PUBLIC "-//mybatis.org//DTD Mapper 3.0//EN"
  "http://mybatis.org/dtd/mybatis-3-mapper.dtd">

<mapper namespace="com.scit.project.dao.HeartMapper">
<!-- bpm 추가 -->

	<select id="checkList" parameterType="String" resultType="Heart">
	  select 
	  p_roomnum,h_Bpm,h_useState,h_emergencyState
	  from
	     Heart
	  where
	  	 p_roomnum = #{p_roomnum}
	</select>
	
	<insert id="insertBPM" parameterType="Heart" >
	
	   insert into Heart 
		(
		   p_roomnum,h_Bpm,h_useState
		)
		values
		(
		   #{p_roomnum}
		   ,#{h_Bpm}
		   ,#{h_useState}
		)
	</insert>
	
	
	<update id="updateBPM" parameterType="Heart">
		
		update Heart 
		set h_Bpm = #{h_Bpm}
		where p_roomnum = #{p_roomnum}
	
	</update>
	
	<update id="changeYesUseState" parameterType="String">
		
		update Heart 
		set h_useState='Yes'
		where p_roomnum = #{p_roomnum}
	
	</update>
	<update id="changeNoUseState" parameterType="String">
		
		update Heart 
		set h_useState='No'
		where p_roomnum = #{p_roomnum}
	
	</update>
	<update id="updateChangeEmergencyState" parameterType="Heart">
		
		update Heart 
		set h_emergencyState= #{h_emergencyState}
		where p_roomnum = #{p_roomnum}
	
	</update>
	
</mapper>
  