<?xml version="1.0" encoding="UTF-8" ?>
<!DOCTYPE mapper
  PUBLIC "-//mybatis.org//DTD Mapper 3.0//EN"
  "http://mybatis.org/dtd/mybatis-3-mapper.dtd">

<mapper namespace="com.scit.project.dao.PatientMapper">
<insert id="insertPatient" parameterType="Patient">	
 insert into Patient(
 	p_num
 	,p_name
 	,p_rrn
 	,p_height
 	,p_weight
 	,p_bloodType
 	,p_roomnum
 	,p_imgurl
 )values(
 p_Num_seq.nextval
 ,#{p_Name}
 ,#{p_Rrn}
 ,#{p_Height}
 ,#{p_Weight}
 ,#{p_BloodType}
 ,#{p_roomNum}
,#{p_imgurl} 
 )

</insert>
<select id="selectAllPatient" resultType="Patient">
	select 
		p_num
	 	,p_name
	 	,p_rrn
	 	,p_height
	 	,p_weight
	 	,p_bloodType
	 	,p_roomnum
	 	,p_imgurl 
 	from Patient
</select>


<select id="findPatientInRoom" parameterType="String" resultType="Patient">
	select 
		p_num
	 	,p_name
	 	,p_rrn
	 	,p_height
	 	,p_weight
	 	,p_bloodType
	 	,p_roomNum
	 	,p_imgurl 
 	from Patient
 	where p_roomNum = #{p_roomNum}
</select>


<select id="selectAPatient" parameterType="String" resultType="Patient">
	select 
		p_num
	 	,p_name
	 	,p_rrn
	 	,p_height
	 	,p_weight
	 	,p_bloodType
	 	,p_roomnum 
	 	,p_imgurl 
 	from Patient
 	where p_rrn = #{p_rrn}
</select>

<update id="patientLeave" parameterType="string">
		update patient
		set
		p_roomNum=NULL
		where
		p_roomnum=#{p_roomNum}

</update>

<select id="PatientListSearch" parameterType="string" resultType="Patient">
   select p_num
	 	,p_name
	 	,p_rrn
	 	,p_height
	 	,p_weight
	 	,p_bloodType
	 	,p_roomnum 
   from patient
   where p_Name like '%' ||#{p_Name} || '%'
</select>

<update id="UpdatePatient" parameterType="Patient">
	update patient
	set
	p_name=#{p_Name}
	,p_height =#{p_Height}
	,p_weight =#{p_Weight}
	,p_bloodtype =#{p_BloodType}
	,p_roomnum=#{p_roomNum}
	where 
	p_rrn = #{p_Rrn}
</update>


<select id="checkRrn" resultType="Patient" parameterType="string">
   select p_num
	 	,p_name
	 	,p_rrn
	 	,p_height
	 	,p_weight
	 	,p_bloodType
	 	,p_roomnum 
	from Patient where p_rrn like #{p_Rrn} || '%'
</select>
<select id="selectAdmissionP_Num" parameterType="string" resultType="Admission">
select 
      p_num
       ,a_Num
       ,a_RoomNum
       ,a_StartDate
       ,a_EndDate
    from Admission
    where p_Num = #{p_Num}
</select>

</mapper>
