<?xml version="1.0" encoding="UTF-8" ?>
<!DOCTYPE mapper
  PUBLIC "-//mybatis.org//DTD Mapper 3.0//EN"
  "http://mybatis.org/dtd/mybatis-3-mapper.dtd">

  <mapper namespace="com.scit.project.dao.RingerMapper">
 <select id="checkList" parameterType="String" resultType="Ringer">
	  select 
	    *
	  from
	     Ringer
	  where
	  	 p_roomnum = #{p_RoomNum}

	</select>
	<update id="updateRingerState" parameterType="Ringer">
		
		update Ringer 
		set r_ringerstate = #{r_ringerState}
		where p_roomnum = #{p_RoomNum}
	
	</update>
	
	<update id="changeYesUseState" parameterType="Ringer">
		
		update Ringer 
		set
		r_Name = #{r_Name}
		,r_Quantity=#{r_Quantity} 
		,r_useState='Yes'
		where p_roomnum = #{p_RoomNum}
	
	</update>
	
	<update id="changeNoUseState" parameterType="String">
		
		update Ringer 
		set r_useState='No'
		where p_roomnum = #{p_RoomNum}
	
	</update>
	
	<select id="r_checkRingerStateBtn" parameterType="String" resultType="String">
	  select 
	    r_ringerState
	  from
	     Ringer
	  where
	  	 p_roomnum = #{p_RoomNum}

	</select>
 
 </mapper>