<?xml version="1.0" encoding="UTF-8" ?>
<!DOCTYPE mapper
  PUBLIC "-//mybatis.org//DTD Mapper 3.0//EN"
  "http://mybatis.org/dtd/mybatis-3-mapper.dtd">

<mapper namespace="com.scit.project.dao.RoomMapper">
<select id="selectRoom" resultType="Room">
 select p_roomnum
 from room
 where r_check = 'N'

</select>

<update id="p_checkUpdate" parameterType="string">
update room
		set
		r_check='Y'
		where
		p_roomnum=#{p_roomNum}

</update>


<select id="usableRoom" resultType="int">
	select count(*)
	from room
	where r_check='N'
</select>

<update id="roomLeave" parameterType="string">
update room
		set
		r_check='N'
		where
		p_roomnum=#{p_roomNum}

</update>


</mapper>
